<?xml version="1.0" encoding="UTF-8"?>
<project-private xmlns="http://www.netbeans.org/ns/project-private/1">
    <editor-bookmarks xmlns="http://www.netbeans.org/ns/editor-bookmarks/2" lastBookmarkId="0"/>
    <open-files xmlns="http://www.netbeans.org/ns/projectui-open-files/2">
        <group>
            <file>file:/C:/Users/G00231980/Downloads/CISY254ProgLab05StacksQueuesS19V2/CISY254ProgLab05StacksQueuesS19V2/src/cisy254proglab05stacksqueuess19v2/RunTestStackWithCarV2.java</file>
            <file>file:/C:/Users/G00231980/Downloads/CISY254ProgLab05StacksQueuesS19V2/CISY254ProgLab05StacksQueuesS19V2/src/cisy254proglab05stacksqueuess19v2/TestQueueGenericV2.java</file>
            <file>file:/C:/Users/G00231980/Downloads/CISY254ProgLab05StacksQueuesS19V2/CISY254ProgLab05StacksQueuesS19V2/src/cisy254proglab05stacksqueuess19v2/Node.java</file>
            <file>file:/C:/Users/G00231980/Downloads/CISY254ProgLab05StacksQueuesS19V2/CISY254ProgLab05StacksQueuesS19V2/src/cisy254proglab05stacksqueuess19v2/Car.java</file>
            <file>file:/C:/Users/G00231980/Downloads/CISY254ProgLab05StacksQueuesS19V2/CISY254ProgLab05StacksQueuesS19V2/src/cisy254proglab05stacksqueuess19v2/Queue.java</file>
            <file>file:/C:/Users/G00231980/Downloads/CISY254ProgLab05StacksQueuesS19V2/CISY254ProgLab05StacksQueuesS19V2/src/cisy254proglab05stacksqueuess19v2/RunTestQueueWithCarV2.java</file>
            <file>file:/C:/Users/G00231980/Downloads/CISY254ProgLab05StacksQueuesS19V2/CISY254ProgLab05StacksQueuesS19V2/src/cisy254proglab05stacksqueuess19v2/Stack.java</file>
            <file>file:/C:/Users/G00231980/Downloads/CISY254ProgLab05StacksQueuesS19V2/CISY254ProgLab05StacksQueuesS19V2/src/cisy254proglab05stacksqueuess19v2/EmptyStack.java</file>
            <file>file:/C:/Users/G00231980/Downloads/CISY254ProgLab05StacksQueuesS19V2/CISY254ProgLab05StacksQueuesS19V2/src/cisy254proglab05stacksqueuess19v2/EmptyQueue.java</file>
        </group>
    </open-files>
</project-private>
